-- --------------------------------------------------------
-- Host:                         127.0.0.1
-- Server version:               10.4.32-MariaDB - mariadb.org binary distribution
-- Server OS:                    Win64
-- HeidiSQL Version:             11.3.0.6295
-- --------------------------------------------------------

/*!40101 SET @OLD_CHARACTER_SET_CLIENT=@@CHARACTER_SET_CLIENT */;
/*!40101 SET NAMES utf8 */;
/*!50503 SET NAMES utf8mb4 */;
/*!40014 SET @OLD_FOREIGN_KEY_CHECKS=@@FOREIGN_KEY_CHECKS, FOREIGN_KEY_CHECKS=0 */;
/*!40101 SET @OLD_SQL_MODE=@@SQL_MODE, SQL_MODE='NO_AUTO_VALUE_ON_ZERO' */;
/*!40111 SET @OLD_SQL_NOTES=@@SQL_NOTES, SQL_NOTES=0 */;

-- Dumping data for table stack_overflow.answer: ~8 rows (approximately)
/*!40000 ALTER TABLE `answer` DISABLE KEYS */;
INSERT INTO `answer` (`id`, `userid`, `questionid`, `title`, `content`, `time`) VALUES
	('143512', NULL, '17567', 'regwg3', ' ewfmewkfmewifmewkfnelkqwd', '2024-05-10 14:11:01'),
	('280458', '6125', '11607', 'i feel bad to you', 'tbest wishes  thank you', '2024-05-10 22:02:54'),
	('419162', '6125', '53354', 'اكيد', 'يمكنك ذلك', '2024-05-13 19:56:06'),
	('444500', '6125', '99234', 'ld;sf;lewmfmewkfmekwlfmlkewfklew', 'wmfklklfewlkfejlfjkefewnfjnejfnjkef ewf  eef kejwf kewe ff ewjk', '2024-05-15 11:36:06'),
	('579573', '1364', '11607', 'lampo is best', 'the GOAT', '2024-05-07 21:25:02'),
	('663573', '6125', '11607', 'i feel bad to you', 'tbest wishes', '2024-05-07 21:26:06'),
	('872469', '1364', '10840', 'no its not good', 'this idea noy good at all', '2024-05-07 21:24:21'),
	('936724', '6125', '17567', 'learn c++', 'the best way to become good progammer to learn c++', '2024-05-10 14:12:44'),
	('937597', '5192', '92759', 'here', 'here', '2024-05-11 15:29:17');
/*!40000 ALTER TABLE `answer` ENABLE KEYS */;

-- Dumping data for table stack_overflow.comment_answer: ~3 rows (approximately)
/*!40000 ALTER TABLE `comment_answer` DISABLE KEYS */;
INSERT INTO `comment_answer` (`id`, `userid`, `questionid`, `answerid`, `content`, `time`) VALUES
	('21199751', '6125', NULL, NULL, 'nmkjxcoiqwnfcoiqwndio3diq32dion', '2024-05-13 21:26:40'),
	('2838860', '6125', NULL, '419162', 'klnsancjsncoasnkcjasn sakj mkmimlk almaymn', '2024-05-13 21:27:22'),
	('39517571', '6125', NULL, '419162', 'mk;m;kmklkm klmklmklmopsmcmsmlks', '2024-05-13 21:28:28');
/*!40000 ALTER TABLE `comment_answer` ENABLE KEYS */;

-- Dumping data for table stack_overflow.question: ~21 rows (approximately)
/*!40000 ALTER TABLE `question` DISABLE KEYS */;
INSERT INTO `question` (`id`, `userid`, `title`, `content`, `time`) VALUES
	('10840', '2737', 'how i can setup linux on my device ', 'i want to setup ubuntu linux can anyone tell me ', '2024-05-07 14:31:17'),
	('11607', '2737', ' i want to learn code how i can learn it  ', 'i want to learn python to analyze data nand entering data science major ', '2024-05-07 14:33:05'),
	('14197', '2737', 'i hate the univarsity ', 'our collage give us thousends of activities ithink they think im robot or what !!!!!!!!!!!!!!!!!!!!!!!!', '2024-05-07 14:30:18'),
	('17567', '8965', 'hello', 'i want to be good in programming', '2024-05-10 14:06:47'),
	('20899', '5793', 'When I close the socket it always going to close wait state which is disturbing the communication', '\r\nI need information about DNP3 Communication. When Network/Ethernet communication is inactive for sometime and reconnected does DNP3 automatically establishes the communication?\r\n\r\nIn my case, when communication failure occurred for sometime and reconnected DNP3 communication is not happening.\r\n\r\nWhen I verified code the socket is in \'Established\' State even network communication is inactive then I tried to close the socket connection.', '2024-05-14 10:40:21'),
	('22269', '6125', 'Problems with invoking ttkbootstrap Tableview', '0\r\n\r\nI am running the example code for ttkbootstrap TableView:\r\n\r\nimport ttkbootstrap as ttk\r\nfrom ttkbootstrap.tableview import Tableview\r\nfrom ttkbootstrap.constants import *\r\n\r\n\r\napp = ttk.Window(themename = "superhero")\r\ncolors = app.style.colors\r\n\r\ncoldata = [\r\n    {"text": "LicenseNumber", "stretch": False},\r\n    "CompanyName",\r\n    {"text": "UserCount", "stretch": False},\r\n]\r\n\r\nrowdata = [\r\n    (\'A123\', \'IzzyCo\', 12),\r\n    (\'A136\', \'Kimdee Inc.\', 45),\r\n    (\'A158\', \'Farmadding Co.\', 36)\r\n]\r\n\r\ndt = Tableview(\r\n    master=app,\r\n    coldata=coldata,\r\n    rowdata=rowdata,\r\n    paginated=True,\r\n    searchable=True,\r\n    stripecolor=(colors.light, None),\r\n)\r\ndt.pack(padx=10, pady=10)\r\n\r\napp.mainloop()\r\n\r\n\r\ndt.insert_row(\'end\', [\'Marzale LLC\', 26]) \r\nHowever I consistently get a TclError: can\'t invoke "tk" command: application has been destroyed message. I am running Python 3.11.7. I can\'t work out at all where the error is coming from. Any pointers would be much appreciate. Thanks!\r\n', '2024-05-14 10:48:45'),
	('25325', '2761', 'Filtering by number of comments in GitHub Search API', 'I am trying to pull issues from the github tensorflow repo, that have more than 250 comments. However, I always receive 30 results (in accordance with GitHubs Pagination), when I should only receive 2 results. Here\'s my code:\r\n\r\nowner = "tensorflow"\r\nrepo = "tensorflow"\r\nn_comments = 250\r\nurl = f"https://api.github.com/repos/{owner}/{repo}/issues"\r\n\r\ntoken = "mytokenhere"\r\n\r\nparams = {\r\n    \'sort\':\'comments-desc\',\r\n    \'q\': \'comments:>{n_comments}\',\r\n}\r\n\r\nheaders = {\r\n    "Authorization": f"token {token}",\r\n    "Accept": "application/vnd.github.v3+json" # specifying json-formatted data\r\n}\r\n\r\nresponse = requests.get(url, headers = headers, params = params)\r\n\r\nissues_with_sufficient_comments = []\r\n\r\nif response.status_code == 200:\r\n    # Extract the JSON data\r\n    data = response.json()\r\n    \r\n    for item in data:\r\n        issues_with_sufficient_comments.append(item[\'number\'])\r\n        print(item[\'number\'])\r\n        print(item[\'comments\'])\r\n    \r\nelse:\r\n    # Print error message if request failed\r\n    print(f"Error: {response.status_code}")\r\n\r\nI also tried url = f"https://api.github.com/repos/{owner}/{repo}/issues?q=comments:>250", which did not help eithe', '2024-05-14 10:38:45'),
	('25516', '2737', 'let me give you gift  ', ' i highly recommend you to visit my site to give you gift ', '2024-05-07 14:34:20'),
	('2747', '7021', 'VS Professional not searching for CMakeLists.txt in subfolders', 'I have a main folder with multiple subfolders, each with its own project and CMakeLists.txt. When I open VSP in a specific project folder, it recognises it as a CMake project and I can configure it. When I open the top-level directory, VSP doesn\'t search for CMakeLists.txt in the sub-directories and I can\'t configure any project. How do I fix this?', '2024-05-14 10:45:07'),
	('39342', '8197', 'My not getting correct solution after checking condition is correct', 'I created the questions Like :\r\n\r\n"What time did you go to bed?" Intent : bedtime set with Parameters: Parameter id: bedtime, Entity type: @sys.date-time Is list: Redact in log:\r\n"At what time did you wake up?" Intent : wakeup_time set with Parameters: Parameter id: wakeup_time, Entity type: @sys.date-time Is list: Redact in log: after this several 3 general questions with Yes/No intent, finally\r\nIt looks like you are finding it hard to stay asleep, is that correct? Intent : Yes/No in this inside yes/no intent I gave the Condition rules--> Customize expression: " $sys.func.DATETIME_DIFF($session.params.wakeup_time, $session.params.bedtime, "HOURS") > 7" So, After checking the condition I gave relevant solution as intent values in next page if it\'s more 7 hours it progress to more_than_7_hours solution and if it\'s less than 7 hours progress to less_than_7hours solution.', '2024-05-14 10:46:23'),
	('50905', '7641', 'what you recoment me to buy car ', 'i am glad i can buy new car what you recommend me  ', '2024-05-07 14:26:43'),
	('53354', '6125', ' هل يمكنني تعلم البرمجة بالعربية', 'اريد تعلم البرمجة باللغة العربية', '2024-05-13 19:55:35'),
	('53383', '2737', 'i want to tavel ', 'please iwant to travel now im very bored the univarsity give us 1000 homwwork and quiz and project which is very bad i have no life just studing', '2024-05-07 14:28:26'),
	('57203', '9828', 'How can I connect same DriftIsolate from other background isolates in Flutter with drift package?', 'I have a background service made with \'flutter_background_service\' package and in that background service, I insert location data continuously into local database using drift package. And I want to make some widget to listen the query stream when the table is updated by the background isolate\r\n', '2024-05-14 10:41:38'),
	('59736', '6125', 'How to update only one widget in a ListView in Flutter when its data changes?', 'class ListNumbersPage extends GetView<MyController> {\r\n  final colors = [\r\n    Colors.red,\r\n    Colors.green,\r\n    Colors.pinkAccent,\r\n    Colors.blue,\r\n    Colors.grey,\r\n    Colors.cyan,\r\n  ];\r\n  final random = Random();\r\n\r\n  @override\r\n  Widget build(BuildContext context) {\r\n    Get.put(MyController());\r\n\r\n    return Scaffold(\r\n      appBar: AppBar(title: const Text(\'ListNumbersPage\')),\r\n      body: Column(\r\n        children: [\r\n          Expanded(\r\n            child: ListView.builder(\r\n              itemCount: controller.listOfFiles.length,\r\n              itemBuilder: (_, index) {\r\n                final currentFile = controller.listOfFiles[index];\r\n                return Container(\r\n                  padding: const EdgeInsets.symmetric(vertical: 32),\r\n                  color: colors[random.nextInt(colors.length)],\r\n                  child: Row(\r\n                    children: [\r\n                      Obx(\r\n                        () {\r\n                          MyLogs.warning(\'UPDATED INDEX : $index\');\r\n                          return MyIconButton(\r\n                            onTap: () {\r\n                              doLike(controller.listOfSelection ?? [], currentFile.value.fileId, index);\r\n                            },\r\n                            iconData: FontAwesomeIcons.solidHeart,\r\n                            color: isExist(controller.listOfSelection ?? [], currentFile.value.fileId, index)\r\n                                ? isLiked(controller.listOfSelection ?? [], currentFile.value.fileId)\r\n                                    ? AppColor.redDark\r\n                                    : AppColor.white\r\n                                : AppColor.white,\r\n                          );\r\n                        },\r\n                      ),\r\n                      Text(controller.listOfFiles[index].value.fileId),\r\n                    ],\r\n                  ),\r\n                );\r\n              },\r\n            ),\r\n          ),\r\n        ],\r\n      ),\r\n    );\r\n  }\r\n}\r\n\r\nbool isExist(List<Rx<LikeModel>> listOfSelection, String fileId, int index) {\r\n  try {\r\n    if (listOfSelection.length >= index) {\r\n      final item = listOfSelection.firstWhereOrNull((e) => e.value.fileId == fileId);\r\n      return item != null;\r\n    } else {\r\n      return false;\r\n    }\r\n  } catch (e) {\r\n    MyLogs.debug(e.toString());\r\n    return false;\r\n  }\r\n}\r\n\r\nbool isLiked(List<Rx<LikeModel>> listOfSelection, String fileId) {\r\n  try {\r\n    return listOfSelection.firstWhere((e) => e.value.fileId == fileId).value.isLiked;\r\n  } catch (e) {\r\n    MyLogs.debug(e.toString());\r\n    return false;\r\n  }\r\n}\r\n\r\nvoid doLike(List<Rx<LikeModel>> listOfSelection, String fileId, int index) {\r\n  try {\r\n    final item = listOfSelection.firstWhere((element) => element.value.fileId == fileId);\r\n    final index = listOfSelection.indexOf(item);\r\n    final isLiked = item.value.isLiked;\r\n\r\n    listOfSelection[index].value = item.value.copyWith(\r\n      isLiked: !isLiked,\r\n    );\r\n  } catch (e) {\r\n    MyLogs.debug(e.toString());\r\n  }\r\n}\r\n\r\nclass MyController extends GetxController {\r\n  final listOfFiles = [\r\n    "IMAGE001",\r\n    "IMAGE002",\r\n    "IMAGE003",\r\n    "IMAGE004",\r\n    "IMAGE005",\r\n    "IMAGE006",\r\n    "IMAGE007",\r\n    "IMAGE008",\r\n    "IMAGE009",\r\n    "IMAGE010",\r\n  ].map((e) => LikeModel(e, false).obs).toList();\r\n\r\n  List<Rx<LikeModel>>? listOfSelection;\r\n\r\n  @override\r\n  void onInit() {\r\n    listOfSelection = listOfFiles;\r\n    super.onInit();\r\n  }\r\n}\r\n\r\nclass LikeModel {\r\n  String fileId;\r\n  bool isLiked;\r\n\r\n  LikeModel(this.fileId, this.isLiked);\r\n\r\n  LikeModel copyWith({\r\n    String? fileId,\r\n    bool? isLik\r\n  }) {\r\n    return LikeModel(\r\n      fileId ?? this.fileId,\r\n      isLiked ?? this.isLiked,\r\n    );\r\n  }\r\n}\r\nI\'m facing an issue in my Flutter app where I have a ListView displaying a list of items, each item containing a like button. The problem arises when I press the like button for a specific item – instead of updating only that particular like button, the entire ListView gets rebuilt, causing performance overhead.\r\n\r\nWhat I want to achieve is to update only the specific like button widget whose data (like status) has changed, without affecting the rest of the list items.\r\n\r\nI\'ve tried using various state management techniques such as Obx, GetBuilder, and even experimented with Provider, but none seem to provide a solution that updates only the targeted widget.\r\n\r\nCould someone please guide me on how to efficiently update just the relevant widget in the ListView when its associated data changes? Any insights, code snippets, or examples would be highly appreciated.\r\n\r\nThank you!', '2024-05-14 10:47:28'),
	('69797', '1364', 'how i can fix my laptop', 'my laptop get into pool is rice enough for fixing it?', '2024-05-07 14:21:48'),
	('87468', '9935', 'how i can fix my c code', 'my c code  30 errori know that c is stupid langugre k i want fix it very quikly fixing it?', '2024-05-07 14:24:21'),
	('88362', '6125', 'is c++ good to learn', 'i want to learn c++ is it good', '2024-05-14 10:07:03'),
	('92759', '2737', 'where ', ' where is most coding majority in the world', '2024-05-07 14:34:59'),
	('99234', '6125', 'Crash in ImGUI using PyGame integration for OpenGL 3.x context', '0\r\n\r\nI am trying to check something in my OpenGL application (uses the latest versions of PyGame, PyOpenGL and PyImGui packages) with RenderDoc. However, RenderDoc tells me that my app\'s OpenGL context is not 3.2+.\r\n\r\nUsing glxinfo I got\r\n\r\nOpenGL version string 4.6.0 NVIDIA 535.171.04\r\nso anything with 3.x should be fine.\r\n\r\nAnd indeed, I messed up with setting up my context, namely placed\r\n\r\npygame.display.gl_set_attribute(pygame.GL_CONTEXT_MAJOR_VERSION, 3)\r\npygame.display.gl_set_attribute(pygame.GL_CONTEXT_MINOR_VERSION, 3)\r\nafter calling\r\n\r\npygame.display.set_mode(display, pygame.DOUBLEBUF | pygame.OPENGL | pygame.RESIZABLE)\r\nand not before. Using pygame.display.gl_get_attribute() for the above mentioned flags above I was actually getting OpenGL 2.2 and not 3.3.\r\n\r\nHowever, after I set the version properly ImGUI is crashing with the following error:\r\n\r\nTraceback (most recent call last):\r\n  File "/home/user/miniconda3/envs/CGI/lib/python3.11/site-packages/OpenGL/latebind.py", line 41, in __call__\r\n    return self._finalCall( *args, **named )\r\n           ^^^^^^^^^^^^^^^^^^^^^^^^^^^^^^^^^\r\nTypeError: \'NoneType\' object is not callable\r\n \r\nDuring handling of the above exception, another exception occurred:\r\n \r\nTraceback (most recent call last):\r\n  File "/home/user/Projects/CGI/visualizer/renderer.py", line 353, in <module>\r\n    main(logger, config)\r\n  File "/home/user/Projects/CGI/visualizer/renderer.py", line 248, in main\r\n    gui = GUI(width, height, logger, wireframe_enabled, bbox_enabled, zoom_factor, transl_factor, dataloader)\r\n          ^^^^^^^^^^^^^^^^^^^^^^^^^^^^^^^^^^^^^^^^^^^^^^^^^^^^^^^^^^^^^^^^^^^^^^^^^^^^^^^^^^^^^^^^^^^^^^^^^^^\r\n  File "/home/user/Projects/CGI/visualizer/Gui.py", line 12, in __init__\r\n    self.impl = PygameRenderer()\r\n                ^^^^^^^^^^^^^^^^\r\n  File "/home/user/miniconda3/envs/CGI/lib/python3.11/site-packages/imgui/integrations/pygame.py", line 14, in __init__\r\n    super(PygameRenderer, self).__init__()\r\n  File "/home/user/miniconda3/envs/CGI/lib/python3.11/site-packages/imgui/integrations/base.py", line 18, in __init__\r\n    self.refresh_font_texture()\r\n  File "/home/user/miniconda3/envs/CGI/lib/python3.11/site-packages/imgui/integrations/opengl.py", line 251, in refresh_font_texture\r\n    gl.glTexImage2D(gl.GL_TEXTURE_2D, 0, gl.GL_ALPHA, width, height, 0, gl.GL_ALPHA, gl.GL_UNSIGNED_BYTE, pixels)\r\n  File "/home/user/miniconda3/envs/CGI/lib/python3.11/site-packages/OpenGL/latebind.py", line 45, in __call__\r\n    return self._finalCall( *args, **named )\r\n           ^^^^^^^^^^^^^^^^^^^^^^^^^^^^^^^^^\r\n  File "/home/user/miniconda3/envs/CGI/lib/python3.11/site-packages/OpenGL/wrapper.py", line 877, in wrapperCall\r\n    raise err\r\n  File "/home/user/miniconda3/envs/CGI/lib/python3.11/site-packages/OpenGL/wrapper.py", line 870, in wrapperCall\r\n    result = wrappedOperation( *cArguments )\r\n             ^^^^^^^^^^^^^^^^^^^^^^^^^^^^^^^\r\n  File "/home/user/miniconda3/envs/CGI/lib/python3.11/site-packages/OpenGL/error.py", line 228, in glCheckError\r\n    raise GLError(\r\nOpenGL.error.GLError: GLError(\r\n        err = 1281,\r\n        description = b\'invalid value\',\r\n        baseOperation = glTexImage2D,\r\n        pyArgs = (\r\n                GL_TEXTURE_2D,\r\n                0,\r\n                GL_ALPHA,\r\n                512,\r\n                64,\r\n                0,\r\n                GL_ALPHA,\r\n                GL_UNSIGNED_BYTE,\r\n                b\'\\x00\\x00\\x00\\x00\\x00\\x00\\x00\\x00\\x00\\x00\\x00\\x00\\x00\\x00\\x00\\x00\\x00\\x00\\x00\\x00\\x00\\x00\\x00\\x00\\x00\\x00\\x00\\x00\\x0...,\r\n        ),\r\n        cArgs = (\r\n                GL_TEXTURE_2D,\r\n                0,\r\n                GL_ALPHA,\r\n                512,\r\n                64,\r\n                0,\r\n                GL_ALPHA,\r\n                GL_UNSIGNED_BYTE,\r\n                b\'\\x00\\x00\\x00\\x00\\x00\\x00\\x00\\x00\\x00\\x00\\x00\\x00\\x00\\x00\\x00\\x00\\x00\\x00\\x00\\x00\\x00\\x00\\x00\\x00\\x00\\x00\\x00\\x00\\x0...,\r\n        ),\r\n        cArguments = (\r\n                GL_TEXTURE_2D,\r\n                0,\r\n                GL_ALPHA,\r\n                512,\r\n                64,\r\n                0,\r\n                GL_ALPHA,\r\n                GL_UNSIGNED_BYTE,\r\n                b\'\\x00\\x00\\x00\\x00\\x00\\x00\\x00\\x00\\x00\\x00\\x00\\x00\\x00\\x00\\x00\\x00\\x00\\x00\\x00\\x00\\x00\\x00\\x00\\x00\\x00\\x00\\x00\\x00\\x0...,\r\n    )\r\n)\r\nI was unable to find info right out of the bat regarding the ImGUI integration with PyGame and where a specific version is required.', '2024-05-14 10:49:35'),
	('99372', '9935', 'how i can fix my css', 'my grt 100 error am i stupid how i can know my errors pleeasse can i  fixing it?', '2024-05-07 14:23:21');
/*!40000 ALTER TABLE `question` ENABLE KEYS */;

-- Dumping data for table stack_overflow.rate: ~6 rows (approximately)
/*!40000 ALTER TABLE `rate` DISABLE KEYS */;
INSERT INTO `rate` (`id`, `userid`, `questionid`, `answerid`, `rate`) VALUES
	('1128725', '6125', '99234', '444500', 4),
	('1699242', NULL, NULL, NULL, 5),
	('6152741', '5756', '17567', '936724', 2),
	('6216210', '5192', '17567', '936724', 5),
	('6401443', '7220', '99234', '444500', 2),
	('7322865', '6125', '53354', '419162', 3),
	('8846153', '6125', '17567', '936724', 3),
	('8996607', '9851', '17567', '936724', 5),
	('9880194', '9672', '99234', '444500', 3);
/*!40000 ALTER TABLE `rate` ENABLE KEYS */;

-- Dumping data for table stack_overflow.stack_user: ~21 rows (approximately)
/*!40000 ALTER TABLE `stack_user` DISABLE KEYS */;
INSERT INTO `stack_user` (`id`, `name`, `email`, `PASSWORD`, `TYPE`) VALUES
	('1364', 'saeed', 'saeed@gmail.com', '$2y$10$.3FH2OFrvoG8.BMM.U9c9Of0PyJj15J4I2HC3hil80.mm/Y8T97gu', NULL),
	('2737', 'talal', 'talal@hotmail.com', '$2y$10$wFZJTAbqDoRlpBPmxAd3neLvd9Mxa0lunUvynmQj1M54SfyTTGiAK', NULL),
	('2761', 'saud12', 'saud@gmail.sa', '$2y$10$QLLzQ3JEkSMLi/NNeDN2cuvoJplRL06mRJ5tjC84bpupNw4NU4dSq', NULL),
	('3625', 'yasir', 'yasir@outlook.com', '$2y$10$0q9B1d.qH8BoYzyIvf4sC.NTkgjpE3WGIg/cSegyCmb4nt4xTscUy', NULL),
	('3854', 'y', 'y@y.r', '$2y$10$iW8NwSjvLEy8hEUTWc3duONl/ykYTmWsGSW76LG8xMCGohKx9J6qS', NULL),
	('4855', 'ibrahim', 'ibrahim@gmail.com', '$2y$10$oG925rx0NdrVVEF6RBWH3.1i7yzzUIDVcxQ/RdETE5RYE6z3369Q6', NULL),
	('5067', 'u', 'u@u.u', '$2y$10$RqM6Zb8rmpjjymfXfmRe8uEG6yeWud4JuujR0q9Xo/HoCuTQOUjEG', NULL),
	('5192', 'lila', 'lila@gmail.com', '$2y$10$EjodgcbmS87CaQ483zfqBOK3asHWINwlvF5T8d3AX4ewf7Aj3Dab6', NULL),
	('5756', 'caram', 'caram@gmail.com', '$2y$10$97hZ/B7lD5No7e3aPyKrNOD0TtVzOktVGu16YNVcmQeA32UNZz.FK', NULL),
	('5793', 'mohammed', 'mohammed@gmail.com', '$2y$10$mGq9Lu24IOoRKYCrU5qxa.mebe.eWQOqP.LmIkJqTQHT5X23fWFim', NULL),
	('6125', 'dani', 'dani@gmail.com', '$2y$10$5VWj2vii8Zi7RnZX4XSp4uoNjwxPtEoSrZnu2b.Smen4Z0HyoqFHq', NULL),
	('6327', 't', 't@t.t', '$2y$10$ItC1c/TDuRlhiO/UYe4jYuRIyyY.gL00bfwiPHmmNNvXwP7OVz6fm', NULL),
	('7021', 'aus', 'aus@gmail.com', '$2y$10$U2QWbzyMhK6Tm/tQHu2vCeZCT2BPxQbfwtXX/LZKWio5hnwIp9BRq', NULL),
	('7220', 'dowwod', 'dowwod@gmail.com', '$2y$10$4ZZSiKzkzaEzpdlCHj0UDOlVM0a8u1WPECP.pDUXG9SMPZt4x8EJy', NULL),
	('7641', 'yousef', 'yousef@hotmail.com', '$2y$10$ePhTU87SUu3wHWyEyTBw.uIHnbewxOVfpsO5dfRZPUeZQPbdOpKcK', NULL),
	('8038', 'saud', 'saud@saud.sa', '$2y$10$iRZbQ8OS3u24UFyz3TgeAeaxZqTEurUypGUyQm8vey9HkCxN8pnra', NULL),
	('8197', 'ali', 'ali@gmail.com', '$2y$10$s/SkU8UMqcnTuHcubN9wQuTifcziVt5ZUPLIx5qg7dPEkCg3bPBwS', NULL),
	('8701', 'tu', 'tu@tu.tu', '$2y$10$ZSWWxaWuzIhqkTKuKGYzO.FAH5dSx0P2OMT1h5r3w38dP8gcqYzee', NULL),
	('8965', 'khaled', 'khaled@gmail.com', '$2y$10$aaMqZX8hix/lfyVHOOiQG.2Pea1ux5BXB7qQYK4orQwbzA1ywB6tC', NULL),
	('9672', 'hatem', 'hatem@gmail.com', '$2y$10$cUx5Pdg2kacEXW6RvPwNHe34GmLt4tgUf7IWB2BLfx9visCNq9uMi', NULL),
	('9828', 'rafeef123', 'rafeef@gmail.com', '$2y$10$t0DTS4hiqcBRLRIo9NUpmO2yUHCLVI4ySrk5BZup7XHjYo2Jto0oe', NULL),
	('9851', 'dalal', 'dalal@gmail.com', '$2y$10$dc/RLD4ZkzeIp9rmYOTTseUwm52G/FnlB1uOC/G1PR00gKdoKmGZy', NULL),
	('9935', 'rafeef', 'rafeef@outlook.sa', '$2y$10$c34z7GmVDR05QFwLeDnXEeMMKkn3km48GRvcxG3lpDbv0G1SnIW4C', NULL);
/*!40000 ALTER TABLE `stack_user` ENABLE KEYS */;

/*!40101 SET SQL_MODE=IFNULL(@OLD_SQL_MODE, '') */;
/*!40014 SET FOREIGN_KEY_CHECKS=IFNULL(@OLD_FOREIGN_KEY_CHECKS, 1) */;
/*!40101 SET CHARACTER_SET_CLIENT=@OLD_CHARACTER_SET_CLIENT */;
/*!40111 SET SQL_NOTES=IFNULL(@OLD_SQL_NOTES, 1) */;
